year,BUYER_COUNTY,BUYER_STATE,strength
2006,ADAMS,IL,39408.8000810161
2006,ALEXANDER,IL,1927.486474968
2006,BOND,IL,5575.0751314865
2006,BOONE,IL,16449.795600262998
2006,BROWN,IL,1270.865849676
2006,BUREAU,IL,8007.5884120559995
2006,CALHOUN,IL,1967.2778675509999
2006,CARROLL,IL,2257.9238229869998
2006,CASS,IL,4905.856391311
2006,CHAMPAIGN,IL,59686.3627660109
2006,CHRISTIAN,IL,17713.146598961
2006,CLARK,IL,6167.3081040335
2006,CLAY,IL,4625.164307148
2006,CLINTON,IL,5127.38475464675
2006,COLES,IL,24461.7687450239
2006,COOK,IL,7415600.997312216
2006,CRAWFORD,IL,8789.3570308165
2006,CUMBERLAND,IL,1948.986740783
2006,DEKALB,IL,26173.69447575175
2006,DEWITT,IL,5714.330954472
2006,DOUGLAS,IL,4063.429202131
2006,DUPAGE,IL,5621111.3836224815
2006,EDGAR,IL,6539.4166182849995
2006,EDWARDS,IL,1914.7691939815
2006,EFFINGHAM,IL,20297.52584264925
2006,FAYETTE,IL,10740.33047541975
2006,FORD,IL,6169.86364446
2006,FRANKLIN,IL,24808.611716484498
2006,FULTON,IL,18837.3334637585
2006,GALLATIN,IL,1640.715631341
2006,GREENE,IL,5648.91637442
2006,GRUNDY,IL,20535.10965625075
2006,HAMILTON,IL,1790.20909688425
2006,HANCOCK,IL,2447.294562098
2006,HARDIN,IL,7469.239109944
2006,HENDERSON,IL,3.31515
2006,HENRY,IL,10304.655729841399
2006,IROQUOIS,IL,7170.341522528
2006,JACKSON,IL,31525.78127251375
2006,JASPER,IL,4100.9640049194995
2006,JEFFERSON,IL,667552.4785047795
2006,JERSEY,IL,10850.4219390877
2006,JO DAVIESS,IL,3672.029055356
2006,JOHNSON,IL,2348.79121778675
2006,KANE,IL,106789.73730162784
2006,KANKAKEE,IL,58551.0434031078
2006,KENDALL,IL,22423.35961711275
2006,KNOX,IL,32562.488968617
2006,LA SALLE,IL,310545.06116758316
2006,LAKE,IL,24520913.931155466
2006,LAWRENCE,IL,7262.9065044345
2006,LEE,IL,13362.58224758
2006,LIVINGSTON,IL,14820.710954352
2006,LOGAN,IL,11666.2860826705
2006,MACON,IL,103095.415275889
2006,MACOUPIN,IL,17250.31623938075
2006,MADISON,IL,152976.13663456868
2006,MARION,IL,19202.4394217595
2006,MARSHALL,IL,3688.557943446
2006,MASON,IL,5401.067177185
2006,MASSAC,IL,8159.001306201
2006,MCDONOUGH,IL,10971.0619471388
2006,MCHENRY,IL,91269.70298262975
2006,MCLEAN,IL,49958.2069074765
2006,MENARD,IL,2076.46563518
2006,MERCER,IL,3962.23535473125
2006,MONROE,IL,10033.741750881749
2006,MONTGOMERY,IL,14798.6021378065
2006,MORGAN,IL,17642.271060383
2006,MOULTRIE,IL,2228.84444410375
2006,OGLE,IL,17186.56158769525
2006,PEORIA,IL,143296.33500370575
2006,PERRY,IL,9757.37071876875
2006,PIATT,IL,7936.130939337
2006,PIKE,IL,3732.8695036814997
2006,POPE,IL,1127.720831373
2006,PULASKI,IL,2082.2019481335
2006,PUTNAM,IL,1613.896975441
2006,RANDOLPH,IL,16246.29065256875
2006,RICHLAND,IL,8751.240125033999
2006,ROCK ISLAND,IL,57972.58079252595
2006,SAINT CLAIR,IL,119051.50074023925
2006,SALINE,IL,28519.09604665295
2006,SANGAMON,IL,492739.4231322737
2006,SCHUYLER,IL,5777.027304055
2006,SCOTT,IL,344.67301839099997
2006,SHELBY,IL,3301.4485158459997
2006,STARK,IL,71.178182326
2006,STEPHENSON,IL,17677.59695012715
2006,TAZEWELL,IL,52360.4344586875
2006,UNION,IL,9039.5492931645
2006,VERMILION,IL,48781.41525224315
2006,WABASH,IL,5906.48950077475
2006,WARREN,IL,4232.3231771007495
2006,WASHINGTON,IL,3528.49024944925
2006,WAYNE,IL,6358.03762337975
2006,WHITE,IL,7347.674541051
2006,WHITESIDE,IL,21089.97676212515
2006,WILL,IL,1298067.208717933
2006,WILLIAMSON,IL,98129.47365364025
2006,WINNEBAGO,IL,372596.1254117484
2006,WOODFORD,IL,18383.5149535
2007,ADAMS,IL,45645.84106703075
2007,ALEXANDER,IL,1843.31441961
2007,BOND,IL,5516.108412184
2007,BOONE,IL,16405.65643432875
2007,BROWN,IL,1426.94618496
2007,BUREAU,IL,9315.2009087959
2007,CALHOUN,IL,1986.1299128209998
2007,CARROLL,IL,3123.621695757
2007,CASS,IL,3779.965988967
2007,CHAMPAIGN,IL,69224.3763412463
2007,CHRISTIAN,IL,20147.1229293686
2007,CLARK,IL,7474.038888698
2007,CLAY,IL,5290.876571016
2007,CLINTON,IL,5260.410006375
2007,COLES,IL,28667.372824784048
2007,COOK,IL,5377072.669778649
2007,CRAWFORD,IL,10554.616299309
2007,CUMBERLAND,IL,2145.738438781
2007,DEKALB,IL,29964.61120473915
2007,DEWITT,IL,6300.897097655
2007,DOUGLAS,IL,5472.100287094499
2007,DUPAGE,IL,6314184.760084121
2007,EDGAR,IL,8380.637086028999
2007,EDWARDS,IL,2514.77899540175
2007,EFFINGHAM,IL,22095.9351751
2007,FAYETTE,IL,9034.8475749665
2007,FORD,IL,6062.490419689
2007,FRANKLIN,IL,26443.305028043
2007,FULTON,IL,19512.19543070725
2007,GALLATIN,IL,1745.521119905
2007,GREENE,IL,6310.660168754
2007,GRUNDY,IL,22194.0878368835
2007,HAMILTON,IL,2586.91413478775
2007,HANCOCK,IL,2625.318930479
2007,HARDIN,IL,6759.4451774379995
2007,HENDERSON,IL,23.2481111
2007,HENRY,IL,11442.172366067449
2007,IROQUOIS,IL,8445.801383607
2007,JACKSON,IL,34477.529684935
2007,JASPER,IL,3181.2241414935
2007,JEFFERSON,IL,873716.9053996892
2007,JERSEY,IL,12975.8795595519
2007,JO DAVIESS,IL,4851.882177764
2007,JOHNSON,IL,2763.761019976
2007,KANE,IL,2168049.0803684634
2007,KANKAKEE,IL,61243.2365205242
2007,KENDALL,IL,24657.72637454775
2007,KNOX,IL,34738.37597605225
2007,LA SALLE,IL,462883.93682442576
2007,LAKE,IL,33243281.51717149
2007,LAWRENCE,IL,7387.067801971
2007,LEE,IL,14221.364267683
2007,LIVINGSTON,IL,17667.805826136
2007,LOGAN,IL,12798.72653960975
2007,MACON,IL,148689.90414536794
2007,MACOUPIN,IL,17932.670461204
2007,MADISON,IL,156788.6342116508
2007,MARION,IL,21561.6888107952
2007,MARSHALL,IL,4868.76255677
2007,MASON,IL,6876.93446622395
2007,MASSAC,IL,8589.441819833999
2007,MCDONOUGH,IL,12306.04235988275
2007,MCHENRY,IL,98519.01055271475
2007,MCLEAN,IL,52269.80702972695
2007,MENARD,IL,2251.377046385
2007,MERCER,IL,2620.5524903146
2007,MONROE,IL,10986.122456472749
2007,MONTGOMERY,IL,15790.4789565555
2007,MORGAN,IL,18322.4609455155
2007,MOULTRIE,IL,3342.8075309994997
2007,OGLE,IL,18543.5476497725
2007,PEORIA,IL,161928.8072460544
2007,PERRY,IL,10227.72172456825
2007,PIATT,IL,10914.801182696
2007,PIKE,IL,4465.405295747
2007,POPE,IL,1292.027757907
2007,PULASKI,IL,2655.7931078113
2007,PUTNAM,IL,938.502880855
2007,RANDOLPH,IL,17267.07917166575
2007,RICHLAND,IL,10336.578302896
2007,ROCK ISLAND,IL,53470.4746256812
2007,SAINT CLAIR,IL,125706.04781051625
2007,SALINE,IL,28208.31059946175
2007,SANGAMON,IL,536945.2588434942
2007,SCHUYLER,IL,5009.29117055
2007,SCOTT,IL,432.927058567
2007,SHELBY,IL,3821.8645168919998
2007,STARK,IL,74.652904324
2007,STEPHENSON,IL,19352.42613929985
2007,TAZEWELL,IL,56966.70837800085
2007,UNION,IL,9403.13876286975
2007,VERMILION,IL,51142.62406565075
2007,WABASH,IL,6108.92883481025
2007,WARREN,IL,4095.274087527
2007,WASHINGTON,IL,4292.3485481792495
2007,WAYNE,IL,6907.4668275535
2007,WHITE,IL,8138.79248968975
2007,WHITESIDE,IL,22626.557905761998
2007,WILL,IL,1725381.3335619008
2007,WILLIAMSON,IL,103339.7172263479
2007,WINNEBAGO,IL,370288.35860420094
2007,WOODFORD,IL,19972.3158110255
2008,ADAMS,IL,48799.06238995655
2008,ALEXANDER,IL,2019.8690063735
2008,BOND,IL,6238.6893541095
2008,BOONE,IL,17594.836338117748
2008,BROWN,IL,1632.26146900135
2008,BUREAU,IL,9091.2110790795
2008,CALHOUN,IL,2527.777078735
2008,CARROLL,IL,3321.579656259
2008,CASS,IL,3953.51705284
2008,CHAMPAIGN,IL,72380.75664237145
2008,CHRISTIAN,IL,20740.10067161325
2008,CLARK,IL,10865.184571483
2008,CLAY,IL,5465.057899315
2008,CLINTON,IL,6102.279009905
2008,COLES,IL,33474.55567444925
2008,COOK,IL,7529107.003042529
2008,CRAWFORD,IL,11672.380490676
2008,CUMBERLAND,IL,2097.99541012
2008,DEKALB,IL,34184.846942388
2008,DEWITT,IL,6286.5961452445
2008,DOUGLAS,IL,6105.386058863
2008,DUPAGE,IL,7682050.456252319
2008,EDGAR,IL,9732.2313450645
2008,EDWARDS,IL,2718.28071225175
2008,EFFINGHAM,IL,22218.63359935875
2008,FAYETTE,IL,8997.4446740225
2008,FORD,IL,6838.4307320687
2008,FRANKLIN,IL,29614.9694438665
2008,FULTON,IL,20377.272982431
2008,GALLATIN,IL,1796.9271818255
2008,GREENE,IL,4798.372242776
2008,GRUNDY,IL,25357.3997984165
2008,HAMILTON,IL,2100.32249378525
2008,HANCOCK,IL,3246.838048565
2008,HARDIN,IL,7385.709103962
2008,HENDERSON,IL,429.406528919
2008,HENRY,IL,12915.464936819999
2008,IROQUOIS,IL,9970.7415712115
2008,JACKSON,IL,41329.470700811
2008,JASPER,IL,4589.26728993275
2008,JEFFERSON,IL,1536244.9571084615
2008,JERSEY,IL,13158.7906729135
2008,JO DAVIESS,IL,5141.162471787
2008,JOHNSON,IL,2354.554305153
2008,KANE,IL,2695380.7925762176
2008,KANKAKEE,IL,61545.79392879075
2008,KENDALL,IL,26803.03530284675
2008,KNOX,IL,32077.816797658
2008,LA SALLE,IL,797568.9337498102
2008,LAKE,IL,32998696.6296935
2008,LAWRENCE,IL,7015.72522305375
2008,LEE,IL,14696.187193831
2008,LIVINGSTON,IL,18132.16811460125
2008,LOGAN,IL,13974.609210094
2008,MACON,IL,118755.6400227399
2008,MACOUPIN,IL,20244.83583428295
2008,MADISON,IL,169192.3867352912
2008,MARION,IL,22287.808780702748
2008,MARSHALL,IL,5033.570864559
2008,MASON,IL,7435.328012911999
2008,MASSAC,IL,9286.8743764605
2008,MCDONOUGH,IL,13400.1597883391
2008,MCHENRY,IL,106071.06602255674
2008,MCLEAN,IL,56810.5023287395
2008,MENARD,IL,2429.602520806
2008,MERCER,IL,2721.54770057845
2008,MONROE,IL,13099.39098699925
2008,MONTGOMERY,IL,17692.1999158595
2008,MORGAN,IL,18755.50243843125
2008,MOULTRIE,IL,3409.187866123
2008,OGLE,IL,19567.263004891
2008,PEORIA,IL,197890.74655684925
2008,PERRY,IL,11058.776436945
2008,PIATT,IL,10280.807503263
2008,PIKE,IL,5004.228123651
2008,POPE,IL,1126.362156009
2008,PULASKI,IL,2656.66262871
2008,PUTNAM,IL,864.647424589
2008,RANDOLPH,IL,18927.902916132
2008,RICHLAND,IL,10394.9805326935
2008,ROCK ISLAND,IL,58641.7682620518
2008,SAINT CLAIR,IL,138923.29933960925
2008,SALINE,IL,30094.78577228775
2008,SANGAMON,IL,544384.4820086352
2008,SCHUYLER,IL,4696.560679348
2008,SCOTT,IL,13.1552375
2008,SHELBY,IL,3661.877892984
2008,STARK,IL,99.836558148
2008,STEPHENSON,IL,22051.7315534985
2008,TAZEWELL,IL,63173.583188213495
2008,UNION,IL,10136.7919956315
2008,VERMILION,IL,53772.58758052375
2008,WABASH,IL,5789.9707971484995
2008,WARREN,IL,4345.0911638785
2008,WASHINGTON,IL,3584.0577984429997
2008,WAYNE,IL,7495.4978042364
2008,WHITE,IL,7496.383618852749
2008,WHITESIDE,IL,25083.0950119985
2008,WILL,IL,1735113.9325256327
2008,WILLIAMSON,IL,107660.17956980455
2008,WINNEBAGO,IL,380826.694515784
2008,WOODFORD,IL,20191.546468626
2009,ADAMS,IL,52046.1269901629
2009,ALEXANDER,IL,1215.89963999
2009,BOND,IL,7265.8969826255
2009,BOONE,IL,21377.329717776
2009,BROWN,IL,1689.088426116
2009,BUREAU,IL,9223.7933799155
2009,CALHOUN,IL,2222.901705836
2009,CARROLL,IL,3980.6278839389997
2009,CASS,IL,3583.744490439
2009,CHAMPAIGN,IL,80208.563711776
2009,CHRISTIAN,IL,22580.42584871775
2009,CLARK,IL,13220.93975892
2009,CLAY,IL,5513.35116467575
2009,CLINTON,IL,6623.5523801925
2009,COLES,IL,36082.42564252825
2009,COOK,IL,4850269.918715877
2009,CRAWFORD,IL,10832.503398586
2009,CUMBERLAND,IL,2442.6267991639997
2009,DEKALB,IL,35749.78247502275
2009,DEWITT,IL,7823.39201195775
2009,DOUGLAS,IL,6616.572119183
2009,DUPAGE,IL,8311516.049153922
2009,EDGAR,IL,10419.7480558775
2009,EDWARDS,IL,2754.9158034915
2009,EFFINGHAM,IL,25658.0659464617
2009,FAYETTE,IL,10441.994710372499
2009,FORD,IL,6900.801423229
2009,FRANKLIN,IL,34442.711735672
2009,FULTON,IL,21992.453548703
2009,GALLATIN,IL,1524.461416686
2009,GREENE,IL,5258.16595935
2009,GRUNDY,IL,27360.341923721
2009,HAMILTON,IL,1989.879345861
2009,HANCOCK,IL,4047.86773974325
2009,HARDIN,IL,8072.420496613
2009,HENDERSON,IL,518.182509163
2009,HENRY,IL,13576.317802174
2009,IROQUOIS,IL,10971.056534911
2009,JACKSON,IL,42001.358027156
2009,JASPER,IL,5098.0653148295
2009,JEFFERSON,IL,1502909.943218152
2009,JERSEY,IL,15385.5771879815
2009,JO DAVIESS,IL,5046.034773062
2009,JOHNSON,IL,3283.665209255
2009,KANE,IL,2194724.0703524947
2009,KANKAKEE,IL,68556.974616894
2009,KENDALL,IL,30492.4487854285
2009,KNOX,IL,30518.617084682748
2009,LA SALLE,IL,1715789.3365915827
2009,LAKE,IL,55211688.28484958
2009,LAWRENCE,IL,7273.583318189
2009,LEE,IL,21131.128847776
2009,LIVINGSTON,IL,22333.705991183
2009,LOGAN,IL,14290.877264751749
2009,MACON,IL,1066019.595947983
2009,MACOUPIN,IL,20796.4995268625
2009,MADISON,IL,182610.9338334595
2009,MARION,IL,23151.479400099248
2009,MARSHALL,IL,5137.848844654
2009,MASON,IL,8345.747732788
2009,MASSAC,IL,11132.910709172
2009,MCDONOUGH,IL,14737.23976395675
2009,MCHENRY,IL,121774.208957371
2009,MCLEAN,IL,60119.052035827
2009,MENARD,IL,2461.1214769205
2009,MERCER,IL,3405.365197281
2009,MONROE,IL,15853.410211766499
2009,MONTGOMERY,IL,19415.9132718775
2009,MORGAN,IL,20407.421914507
2009,MOULTRIE,IL,4643.036759325
2009,OGLE,IL,21804.96966336425
2009,PEORIA,IL,218166.92244831249
2009,PERRY,IL,10998.920686866
2009,PIATT,IL,9291.524170472
2009,PIKE,IL,5272.509588095
2009,POPE,IL,978.343614153
2009,PULASKI,IL,3099.08095575
2009,PUTNAM,IL,958.1121792089999
2009,RANDOLPH,IL,18999.500529049
2009,RICHLAND,IL,10480.317898795749
2009,ROCK ISLAND,IL,63090.624367036
2009,SAINT CLAIR,IL,150841.79304956945
2009,SALINE,IL,34108.4203289505
2009,SANGAMON,IL,557558.8817335035
2009,SCHUYLER,IL,4593.411182093
2009,SCOTT,IL,0.9024
2009,SHELBY,IL,4494.2524498035
2009,STARK,IL,105.2494818
2009,STEPHENSON,IL,24779.98896509
2009,TAZEWELL,IL,69371.4718794705
2009,UNION,IL,12637.7258617435
2009,VERMILION,IL,61267.89678592175
2009,WABASH,IL,6182.38391669075
2009,WARREN,IL,4551.147278879
2009,WASHINGTON,IL,4709.697275078
2009,WAYNE,IL,8040.2626340863
2009,WHITE,IL,8245.70011746875
2009,WHITESIDE,IL,28413.024811952
2009,WILL,IL,1914360.8301673117
2009,WILLIAMSON,IL,112612.39944444475
2009,WINNEBAGO,IL,571740.8746564036
2009,WOODFORD,IL,21413.224328512
2010,ADAMS,IL,56961.3749548915
2010,ALEXANDER,IL,1285.4777435839999
2010,BOND,IL,6958.585286484
2010,BOONE,IL,23922.815563034248
2010,BROWN,IL,2174.763930955
2010,BUREAU,IL,10083.3698918305
2010,CALHOUN,IL,1588.8010919199999
2010,CARROLL,IL,4343.075803021
2010,CASS,IL,4361.612527065
2010,CHAMPAIGN,IL,81170.2837353145
2010,CHRISTIAN,IL,23718.139656558
2010,CLARK,IL,16228.903422267249
2010,CLAY,IL,4589.513042209
2010,CLINTON,IL,6891.86077217
2010,COLES,IL,34325.546638404
2010,COOK,IL,6236612.784396282
2010,CRAWFORD,IL,10522.1414960145
2010,CUMBERLAND,IL,2651.2398978
2010,DEKALB,IL,43268.00211888575
2010,DEWITT,IL,9442.934541065
2010,DOUGLAS,IL,7187.079029079
2010,DUPAGE,IL,14116841.962095127
2010,EDGAR,IL,12595.609677972
2010,EDWARDS,IL,3407.3513549599998
2010,EFFINGHAM,IL,27565.58262560375
2010,FAYETTE,IL,9526.1973890785
2010,FORD,IL,9381.766637228
2010,FRANKLIN,IL,36394.8337599525
2010,FULTON,IL,21359.6575328915
2010,GALLATIN,IL,1519.218359818
2010,GREENE,IL,5909.94789392
2010,GRUNDY,IL,32611.751634969998
2010,HAMILTON,IL,2247.766521423
2010,HANCOCK,IL,4619.16310839
2010,HARDIN,IL,8124.811780805
2010,HENDERSON,IL,667.8032613199999
2010,HENRY,IL,14810.086709997
2010,IROQUOIS,IL,10890.0938397785
2010,JACKSON,IL,43001.149880214
2010,JASPER,IL,3292.495398221
2010,JEFFERSON,IL,1306911.1480327637
2010,JERSEY,IL,17074.36913486075
2010,JO DAVIESS,IL,7818.063330314
2010,JOHNSON,IL,3867.321056626
2010,KANE,IL,13139135.014518017
2010,KANKAKEE,IL,71220.44363306074
2010,KENDALL,IL,35967.88470558575
2010,KNOX,IL,32466.3547765915
2010,LA SALLE,IL,2144075.096063972
2010,LAKE,IL,73104037.3475942
2010,LAWRENCE,IL,7879.055039838
2010,LEE,IL,19657.261408918
2010,LIVINGSTON,IL,22533.466808948
2010,LOGAN,IL,15453.082981331
2010,MACON,IL,832733.5280615435
2010,MACOUPIN,IL,23574.6671046235
2010,MADISON,IL,193938.3504932475
2010,MARION,IL,24605.574767378
2010,MARSHALL,IL,6377.909625091
2010,MASON,IL,9985.117486878
2010,MASSAC,IL,12664.622199901
2010,MCDONOUGH,IL,15624.685023574
2010,MCHENRY,IL,142904.33552800675
2010,MCLEAN,IL,64872.72032623575
2010,MENARD,IL,2908.547724502
2010,MERCER,IL,3913.356430932
2010,MONROE,IL,16291.697568468
2010,MONTGOMERY,IL,21537.299108263498
2010,MORGAN,IL,21627.460035193
2010,MOULTRIE,IL,5141.3040013439995
2010,OGLE,IL,25078.763106274
2010,PEORIA,IL,234087.33798669174
2010,PERRY,IL,13192.8247624005
2010,PIATT,IL,9786.980057424
2010,PIKE,IL,6969.8222803395
2010,POPE,IL,1108.75380986
2010,PULASKI,IL,3357.924212921
2010,PUTNAM,IL,996.4652764
2010,RANDOLPH,IL,19260.92877581925
2010,RICHLAND,IL,10585.403877323
2010,ROCK ISLAND,IL,65170.5871231935
2010,SAINT CLAIR,IL,157528.03732244374
2010,SALINE,IL,35844.72603905775
2010,SANGAMON,IL,527817.395024839
2010,SCHUYLER,IL,4622.196554395
2010,SCOTT,IL,0.286461034
2010,SHELBY,IL,4504.609610504
2010,STARK,IL,107.822929356
2010,STEPHENSON,IL,26673.697699137
2010,TAZEWELL,IL,79888.64471983
2010,UNION,IL,14369.317708556
2010,VERMILION,IL,66591.3068221845
2010,WABASH,IL,6900.66211284475
2010,WARREN,IL,5081.205368645
2010,WASHINGTON,IL,5322.088760075
2010,WAYNE,IL,8558.0040399305
2010,WHITE,IL,8529.9142614495
2010,WHITESIDE,IL,32250.707778008
2010,WILL,IL,1860184.2263151777
2010,WILLIAMSON,IL,110753.3647573435
2010,WINNEBAGO,IL,14251574.884767363
2010,WOODFORD,IL,20135.2602354189
2011,ADAMS,IL,58419.97359924325
2011,ALEXANDER,IL,1464.077695739
2011,BOND,IL,7939.170387646
2011,BOONE,IL,24416.053690615
2011,BROWN,IL,2321.645696657
2011,BUREAU,IL,11066.1680718895
2011,CALHOUN,IL,616.916801792
2011,CARROLL,IL,4566.02353445
2011,CASS,IL,3523.693999216
2011,CHAMPAIGN,IL,87079.825458786
2011,CHRISTIAN,IL,24982.613983462
2011,CLARK,IL,17028.640599882998
2011,CLAY,IL,4868.067373263
2011,CLINTON,IL,8787.9165081635
2011,COLES,IL,35778.2402154335
2011,COOK,IL,8783425750.486523
2011,CRAWFORD,IL,11391.483097522
2011,CUMBERLAND,IL,3067.973620878
2011,DEKALB,IL,47057.35976378025
2011,DEWITT,IL,10553.428778844
2011,DOUGLAS,IL,8629.673139376
2011,DUPAGE,IL,16080587.070905574
2011,EDGAR,IL,12391.055209251
2011,EDWARDS,IL,2670.733500314
2011,EFFINGHAM,IL,28320.686303501
2011,FAYETTE,IL,10096.7759156575
2011,FORD,IL,7822.691719181
2011,FRANKLIN,IL,39223.978937185
2011,FULTON,IL,24021.3252659115
2011,GALLATIN,IL,1832.4407952899999
2011,GREENE,IL,7535.818424479
2011,GRUNDY,IL,36018.66642937525
2011,HAMILTON,IL,2317.613006448
2011,HANCOCK,IL,5321.806714299
2011,HARDIN,IL,8392.274386396
2011,HENDERSON,IL,860.168467311
2011,HENRY,IL,16968.2101700945
2011,IROQUOIS,IL,12120.201046127
2011,JACKSON,IL,46658.535977858
2011,JASPER,IL,2520.3776383305
2011,JEFFERSON,IL,1182234.4076096416
2011,JERSEY,IL,20705.93219890525
2011,JO DAVIESS,IL,7307.1668780499995
2011,JOHNSON,IL,4572.563096943
2011,KANE,IL,2753753082.959418
2011,KANKAKEE,IL,76431.21288145
2011,KENDALL,IL,38589.659798312496
2011,KNOX,IL,30716.754289178498
2011,LA SALLE,IL,2212241.586486403
2011,LAKE,IL,66649443.95145554
2011,LAWRENCE,IL,9058.124824333
2011,LEE,IL,19975.05906171
2011,LIVINGSTON,IL,24042.645770848
2011,LOGAN,IL,18022.550279404
2011,MACON,IL,1334243.851565963
2011,MACOUPIN,IL,25674.5875446035
2011,MADISON,IL,208306.845413687
2011,MARION,IL,24532.35630135675
2011,MARSHALL,IL,7293.670758862
2011,MASON,IL,9786.677890457
2011,MASSAC,IL,14328.1338348635
2011,MCDONOUGH,IL,15220.593854806
2011,MCHENRY,IL,155436.3040949685
2011,MCLEAN,IL,70639.83579427
2011,MENARD,IL,2720.26616185
2011,MERCER,IL,3852.4998345615
2011,MONROE,IL,17516.070596306
2011,MONTGOMERY,IL,22248.619725458
2011,MORGAN,IL,24502.2070723105
2011,MOULTRIE,IL,6603.125874237
2011,OGLE,IL,25736.26980979275
2011,PEORIA,IL,248888.385954883
2011,PERRY,IL,14192.0036366075
2011,PIATT,IL,10903.262614399
2011,PIKE,IL,6924.997131721
2011,POPE,IL,1048.776994361
2011,PULASKI,IL,3358.36436466
2011,PUTNAM,IL,1028.60991782
2011,RANDOLPH,IL,22133.668607671
2011,RICHLAND,IL,11536.968985324
2011,ROCK ISLAND,IL,68040.5856597935
2011,SAINT CLAIR,IL,174486.4265488985
2011,SALINE,IL,37518.26238415675
2011,SANGAMON,IL,612983.4288320835
2011,SCHUYLER,IL,4969.78960664
2011,SHELBY,IL,4770.786519689
2011,STARK,IL,102.28964432000001
2011,STEPHENSON,IL,27753.3801068215
2011,TAZEWELL,IL,85719.2747344065
2011,UNION,IL,16395.149433074
2011,VERMILION,IL,72492.97737915399
2011,WABASH,IL,7451.617658005
2011,WARREN,IL,5811.941984933
2011,WASHINGTON,IL,5782.70287045
2011,WAYNE,IL,9260.50326503025
2011,WHITE,IL,9419.159794529
2011,WHITESIDE,IL,34146.979410584
2011,WILL,IL,1896091.4557042934
2011,WILLIAMSON,IL,110169.7996555385
2011,WINNEBAGO,IL,21108045.013817158
2011,WOODFORD,IL,23798.129074907
2012,ADAMS,IL,57896.7791426545
2012,ALEXANDER,IL,1457.094935197
2012,BOND,IL,8947.746053771
2012,BOONE,IL,27110.494408579998
2012,BROWN,IL,2048.4599401709997
2012,BUREAU,IL,11774.5728552445
2012,CALHOUN,IL,1411.498946921
2012,CARROLL,IL,4308.947969626
2012,CASS,IL,3294.945456191
2012,CHAMPAIGN,IL,271408.30350498325
2012,CHRISTIAN,IL,23454.3191167115
2012,CLARK,IL,15723.573878015999
2012,CLAY,IL,4931.1467169825
2012,CLINTON,IL,10518.5139009015
2012,COLES,IL,38356.6026136135
2012,COOK,IL,11995550080.727907
2012,CRAWFORD,IL,11478.7229253245
2012,CUMBERLAND,IL,3248.1802973599997
2012,DEKALB,IL,47114.59618114
2012,DEWITT,IL,10672.3839319015
2012,DOUGLAS,IL,9881.160043939
2012,DUPAGE,IL,15225444.911993058
2012,EDGAR,IL,12741.8034614775
2012,EDWARDS,IL,2939.9904378789997
2012,EFFINGHAM,IL,28618.360892086
2012,FAYETTE,IL,10169.7026091915
2012,FORD,IL,10536.141435512
2012,FRANKLIN,IL,46603.825520599
2012,FULTON,IL,24403.4803072635
2012,GALLATIN,IL,1703.517135106
2012,GREENE,IL,7612.760828184
2012,GRUNDY,IL,38839.829114005246
2012,HAMILTON,IL,2220.121258774
2012,HANCOCK,IL,4621.496388731
2012,HARDIN,IL,7071.8237586714995
2012,HENDERSON,IL,915.944086547
2012,HENRY,IL,18276.4698301785
2012,IROQUOIS,IL,13715.549083786
2012,JACKSON,IL,58091.183471663
2012,JASPER,IL,2059.4311562305
2012,JEFFERSON,IL,1318702.3912584526
2012,JERSEY,IL,19032.8803575425
2012,JO DAVIESS,IL,10802.656045402
2012,JOHNSON,IL,4205.6924431157495
2012,KANE,IL,28415017.82387582
2012,KANKAKEE,IL,78109.75197603976
2012,KENDALL,IL,41237.8868797315
2012,KNOX,IL,31397.8713546555
2012,LA SALLE,IL,2351376.8110036245
2012,LAKE,IL,60933250.854669936
2012,LAWRENCE,IL,9962.653864538
2012,LEE,IL,18617.826439968
2012,LIVINGSTON,IL,24550.663631807998
2012,LOGAN,IL,17346.0660867115
2012,MACON,IL,2664856011.687011
2012,MACOUPIN,IL,27747.0961511575
2012,MADISON,IL,226000.4138891615
2012,MARION,IL,25380.33076995825
2012,MARSHALL,IL,7853.441981096
2012,MASON,IL,9773.573852849
2012,MASSAC,IL,14128.275239264
2012,MCDONOUGH,IL,15714.170738771
2012,MCHENRY,IL,171299.55221482425
2012,MCLEAN,IL,73231.8603107228
2012,MENARD,IL,3425.305329762
2012,MERCER,IL,3645.6888064424998
2012,MONROE,IL,18354.287104373998
2012,MONTGOMERY,IL,23032.736976305998
2012,MORGAN,IL,24846.3798015895
2012,MOULTRIE,IL,5899.463276588
2012,OGLE,IL,23726.3966975275
2012,PEORIA,IL,241195.489782019
2012,PERRY,IL,15281.632863966
2012,PIATT,IL,11675.080131244
2012,PIKE,IL,6963.8058104189995
2012,POPE,IL,1020.54495132
2012,PULASKI,IL,3289.10643747
2012,PUTNAM,IL,1422.10930217
2012,RANDOLPH,IL,23293.4570337135
2012,RICHLAND,IL,11143.597595662999
2012,ROCK ISLAND,IL,70511.340593897
2012,SAINT CLAIR,IL,173537.67244049825
2012,SALINE,IL,38515.02388236805
2012,SANGAMON,IL,665097.8935110309
2012,SCHUYLER,IL,5112.9367885745
2012,SHELBY,IL,5119.7521907
2012,STARK,IL,66.191247
2012,STEPHENSON,IL,29778.648236865
2012,TAZEWELL,IL,92614.82054211
2012,UNION,IL,17982.622821381
2012,VERMILION,IL,74726.3243897295
2012,WABASH,IL,7516.768458972
2012,WARREN,IL,6024.094387904
2012,WASHINGTON,IL,6015.4401062885
2012,WAYNE,IL,9495.10325261
2012,WHITE,IL,8425.5764835995
2012,WHITESIDE,IL,29608.256252504998
2012,WILL,IL,2834788.0875589414
2012,WILLIAMSON,IL,116435.87842229
2012,WINNEBAGO,IL,16705476.046840899
2012,WOODFORD,IL,25207.694409912998
2013,ADAMS,IL,59098.0621896215
2013,ALEXANDER,IL,1355.518513944
2013,BOND,IL,9837.271220498
2013,BOONE,IL,27216.4843719345
2013,BROWN,IL,2093.2326426209997
2013,BUREAU,IL,12528.6146545195
2013,CALHOUN,IL,1549.089881221
2013,CARROLL,IL,4603.33391221
2013,CASS,IL,2089.492170268
2013,CHAMPAIGN,IL,98048.01922284474
2013,CHRISTIAN,IL,20401.1723290165
2013,CLARK,IL,13893.2539312835
2013,CLAY,IL,4663.5567855655
2013,CLINTON,IL,10745.274484499
2013,COLES,IL,34518.0743582195
2013,COOK,IL,12498804550.817974
2013,CRAWFORD,IL,10220.666889719
2013,CUMBERLAND,IL,2786.589407674
2013,DEKALB,IL,43944.330330954
2013,DEWITT,IL,9172.418455544
2013,DOUGLAS,IL,9205.706573143
2013,DUPAGE,IL,10298292.330185555
2013,EDGAR,IL,12199.342233569
2013,EDWARDS,IL,3448.175433231
2013,EFFINGHAM,IL,25947.9686359595
2013,FAYETTE,IL,9569.0783567355
2013,FORD,IL,9733.846711799
2013,FRANKLIN,IL,48606.192754220996
2013,FULTON,IL,24630.633884828
2013,GALLATIN,IL,1753.024053373
2013,GREENE,IL,7986.794051739
2013,GRUNDY,IL,42624.686032118996
2013,HAMILTON,IL,2079.281642867
2013,HANCOCK,IL,4146.444430361
2013,HARDIN,IL,6855.468976931
2013,HENDERSON,IL,1016.3495700579999
2013,HENRY,IL,15963.144909072
2013,IROQUOIS,IL,14540.568153427499
2013,JACKSON,IL,55545.520759728
2013,JASPER,IL,1842.641310518
2013,JEFFERSON,IL,2126037.748530027
2013,JERSEY,IL,17778.5536691255
2013,JO DAVIESS,IL,9432.630766526
2013,JOHNSON,IL,4525.026499934
2013,KANE,IL,34436162.269433856
2013,KANKAKEE,IL,78152.034771231
2013,KENDALL,IL,39069.045556271
2013,KNOX,IL,30523.583128055998
2013,LA SALLE,IL,754122.403873136
2013,LAKE,IL,86651905.35886474
2013,LAWRENCE,IL,10321.367100587
2013,LEE,IL,17299.480590119998
2013,LIVINGSTON,IL,23794.921536533
2013,LOGAN,IL,16519.3703612535
2013,MACON,IL,1674869.608050931
2013,MACOUPIN,IL,26434.053060156
2013,MADISON,IL,228992.413723699
2013,MARION,IL,26021.760869654
2013,MARSHALL,IL,6436.686862367
2013,MASON,IL,9368.020959101
2013,MASSAC,IL,13468.2620246835
2013,MCDONOUGH,IL,15049.738857729999
2013,MCHENRY,IL,170430.26161129173
2013,MCLEAN,IL,78383.7887929695
2013,MENARD,IL,3437.848896871
2013,MERCER,IL,3052.84506041
2013,MONROE,IL,19460.435733237
2013,MONTGOMERY,IL,20586.214851604
2013,MORGAN,IL,24863.3162665145
2013,MOULTRIE,IL,5265.191643561
2013,OGLE,IL,20913.650680786
2013,PEORIA,IL,252730.271631157
2013,PERRY,IL,13440.2702983245
2013,PIATT,IL,10586.528230917
2013,PIKE,IL,6413.2885284415
2013,POPE,IL,858.645654337
2013,PULASKI,IL,3346.012432042
2013,PUTNAM,IL,487.89030905
2013,RANDOLPH,IL,21845.200059685
2013,RICHLAND,IL,10943.17613507
2013,ROCK ISLAND,IL,71013.91113207799
2013,SAINT CLAIR,IL,155992.897321499
2013,SALINE,IL,36844.988420163
2013,SANGAMON,IL,640540.7574226435
2013,SCHUYLER,IL,5037.1727393925
2013,SCOTT,IL,0.286461041
2013,SHELBY,IL,5406.441896469
2013,STARK,IL,37.828979434000004
2013,STEPHENSON,IL,27633.032345311
2013,TAZEWELL,IL,88253.78691593249
2013,UNION,IL,16956.2625791365
2013,VERMILION,IL,72654.3212852265
2013,WABASH,IL,6944.330267313
2013,WARREN,IL,6445.047623697
2013,WASHINGTON,IL,5329.269608678
2013,WAYNE,IL,8968.8301832235
2013,WHITE,IL,7811.6251576429995
2013,WHITESIDE,IL,26787.64855701925
2013,WILL,IL,5248772.3493320765
2013,WILLIAMSON,IL,119520.71246198025
2013,WINNEBAGO,IL,15604624.39185883
2013,WOODFORD,IL,25715.1523970175
2014,ADAMS,IL,63070.681798334495
2014,ALEXANDER,IL,1165.51825642
2014,BOND,IL,9583.767033660999
2014,BOONE,IL,28681.686840936
2014,BROWN,IL,2011.749873964
2014,BUREAU,IL,10148.2594349025
2014,CALHOUN,IL,1345.878828595
2014,CARROLL,IL,4986.830936933
2014,CASS,IL,1737.611947174
2014,CHAMPAIGN,IL,113136.506085748
2014,CHRISTIAN,IL,23025.814506098
2014,CLARK,IL,12578.4071785155
2014,CLAY,IL,5142.3156611715
2014,CLINTON,IL,11978.8337127405
2014,COLES,IL,32454.415549749498
2014,COOK,IL,23205115843.66475
2014,CRAWFORD,IL,8585.844570357
2014,CUMBERLAND,IL,2766.057522002
2014,DEKALB,IL,43325.592447152
2014,DEWITT,IL,9557.434240528999
2014,DOUGLAS,IL,9370.197464873
2014,DUPAGE,IL,8843996.60063786
2014,EDGAR,IL,11470.72535241
2014,EDWARDS,IL,4185.4735151555
2014,EFFINGHAM,IL,26414.916639301
2014,FAYETTE,IL,9503.705102564
2014,FORD,IL,9898.533109736
2014,FRANKLIN,IL,43684.899693209
2014,FULTON,IL,26074.375859451
2014,GALLATIN,IL,1743.791127532
2014,GREENE,IL,8286.421314619
2014,GRUNDY,IL,42810.254800048
2014,HAMILTON,IL,1812.459499884
2014,HANCOCK,IL,4664.503251393
2014,HARDIN,IL,7304.29025922
2014,HENDERSON,IL,909.371401448
2014,HENRY,IL,18597.850978510498
2014,IROQUOIS,IL,14804.4837897485
2014,JACKSON,IL,66878.286047484
2014,JASPER,IL,1665.673222671
2014,JEFFERSON,IL,553917.9649151545
2014,JERSEY,IL,17963.180252955
2014,JO DAVIESS,IL,12811.8763791285
2014,JOHNSON,IL,4718.92704282475
2014,KANE,IL,37017672.943405636
2014,KANKAKEE,IL,81569.7050774895
2014,KENDALL,IL,38323.5204127215
2014,KNOX,IL,31303.739098595
2014,LA SALLE,IL,506439.721166933
2014,LAKE,IL,74677596.07477246
2014,LAWRENCE,IL,8776.349199291
2014,LEE,IL,16982.3394202125
2014,LIVINGSTON,IL,23212.734676288
2014,LOGAN,IL,17212.669035719
2014,MACON,IL,1706624.5603889134
2014,MACOUPIN,IL,26668.3294319465
2014,MADISON,IL,235220.867101166
2014,MARION,IL,27258.1713997615
2014,MARSHALL,IL,7045.932532777
2014,MASON,IL,7852.1550233934995
2014,MASSAC,IL,13127.8415126845
2014,MCDONOUGH,IL,14336.805956712
2014,MCHENRY,IL,173258.32753791925
2014,MCLEAN,IL,80926.8110492975
2014,MENARD,IL,3021.597744602
2014,MERCER,IL,3252.6044150039997
2014,MONROE,IL,21096.1775253665
2014,MONTGOMERY,IL,19760.2225877575
2014,MORGAN,IL,25509.832879274
2014,MOULTRIE,IL,5077.727565213
2014,OGLE,IL,19082.377836947
2014,PEORIA,IL,283609.480107192
2014,PERRY,IL,15266.4052875295
2014,PIATT,IL,11284.551311952
2014,PIKE,IL,7143.939018006
2014,POPE,IL,990.625470029
2014,PULASKI,IL,3549.701439055
2014,PUTNAM,IL,947.424529784
2014,RANDOLPH,IL,23944.5465948685
2014,RICHLAND,IL,11231.3985985475
2014,ROCK ISLAND,IL,75234.528685995
2014,SAINT CLAIR,IL,152495.84024183
2014,SALINE,IL,41356.7239246005
2014,SANGAMON,IL,708055.1066522715
2014,SCHUYLER,IL,4273.271009115
2014,SCOTT,IL,70.127114
2014,SHELBY,IL,6242.9237577415
2014,STARK,IL,27.147735
2014,STEPHENSON,IL,27103.637657651998
2014,TAZEWELL,IL,95208.42385949
2014,UNION,IL,15766.501077736
2014,VERMILION,IL,69452.1355610465
2014,WABASH,IL,6274.1876440355
2014,WARREN,IL,6351.453210724
2014,WASHINGTON,IL,4948.4311021925
2014,WAYNE,IL,9419.255080783
2014,WHITE,IL,7626.800601357
2014,WHITESIDE,IL,22746.401840254
2014,WILL,IL,5543583.707102989
2014,WILLIAMSON,IL,140678.26699083
2014,WINNEBAGO,IL,8109472.988482575
2014,WOODFORD,IL,27255.120398480998
2015,ADAMS,IL,62270.855555195994
2015,ALEXANDER,IL,1426.967886854
2015,BOND,IL,9717.485391584998
2015,BOONE,IL,27316.171088783998
2015,BROWN,IL,2165.680066374
2015,BUREAU,IL,10522.498154896499
2015,CALHOUN,IL,1282.7702049999998
2015,CARROLL,IL,4981.682421513999
2015,CASS,IL,1916.9416064685
2015,CHAMPAIGN,IL,137806.9051804814
2015,CHRISTIAN,IL,23219.259760816996
2015,CLARK,IL,12150.943556145998
2015,CLAY,IL,5078.010374097499
2015,CLINTON,IL,13030.272971032698
2015,COLES,IL,31672.3716173619
2015,COOK,IL,16231554803.542603
2015,CRAWFORD,IL,8543.040904181998
2015,CUMBERLAND,IL,2566.7722785299998
2015,DEKALB,IL,41947.587920132
2015,DEWITT,IL,9598.058465467999
2015,DOUGLAS,IL,8503.473823520999
2015,DUPAGE,IL,8390669.507415762
2015,EDGAR,IL,11138.960477948
2015,EDWARDS,IL,4034.5670481439997
2015,EFFINGHAM,IL,26944.742069319997
2015,FAYETTE,IL,9630.944016209996
2015,FORD,IL,9220.416523078999
2015,FRANKLIN,IL,32748.997561911998
2015,FULTON,IL,27006.740781010994
2015,GALLATIN,IL,1653.0864591819998
2015,GREENE,IL,10467.674269329998
2015,GRUNDY,IL,43865.331851773495
2015,HAMILTON,IL,2083.6619991509997
2015,HANCOCK,IL,5218.898046283999
2015,HARDIN,IL,7034.077973246
2015,HENDERSON,IL,787.084945061
2015,HENRY,IL,19335.214157894447
2015,IROQUOIS,IL,14897.545317686
2015,JACKSON,IL,70437.5356006071
2015,JASPER,IL,1514.794762148
2015,JEFFERSON,IL,28387.810754013546
2015,JERSEY,IL,18392.797184562998
2015,JO DAVIESS,IL,15850.792729062
2015,JOHNSON,IL,4949.760120063
2015,KANE,IL,30420817.554106105
2015,KANKAKEE,IL,82029.780951201
2015,KENDALL,IL,39448.176256738
2015,KNOX,IL,29931.418186536997
2015,LA SALLE,IL,488547.84824117797
2015,LAKE,IL,130059056.37511699
2015,LAWRENCE,IL,8859.311340174
2015,LEE,IL,16761.163172481
2015,LIVINGSTON,IL,21942.218661914998
2015,LOGAN,IL,17668.006998355
2015,MACON,IL,1692763.069542097
2015,MACOUPIN,IL,27059.667825104498
2015,MADISON,IL,243751.50171370647
2015,MARION,IL,28345.181676051896
2015,MARSHALL,IL,6961.209606684498
2015,MASON,IL,8182.820613411
2015,MASSAC,IL,13585.925211100499
2015,MCDONOUGH,IL,13197.202883169999
2015,MCHENRY,IL,179772.2632870985
2015,MCLEAN,IL,80060.40301062395
2015,MENARD,IL,3085.3396622119994
2015,MERCER,IL,4147.666696676999
2015,MONROE,IL,21409.192489328998
2015,MONTGOMERY,IL,19794.123698116997
2015,MORGAN,IL,26262.655430781997
2015,MOULTRIE,IL,5256.648971497
2015,OGLE,IL,19666.235928562997
2015,PEORIA,IL,277213.5530363588
2015,PERRY,IL,17597.068095528997
2015,PIATT,IL,11646.810475155
2015,PIKE,IL,8023.720915412998
2015,POPE,IL,913.068284492
2015,PULASKI,IL,3895.0998144839996
2015,PUTNAM,IL,1015.85391558
2015,RANDOLPH,IL,24872.471075668498
2015,RICHLAND,IL,10244.726514356498
2015,ROCK ISLAND,IL,76762.4647097435
2015,SAINT CLAIR,IL,162469.561898176
2015,SALINE,IL,39918.23654393094
2015,SANGAMON,IL,787070.5118417242
2015,SCHUYLER,IL,4944.792944268
2015,SCOTT,IL,342.08513779999987
2015,SHELBY,IL,5979.840298398999
2015,STARK,IL,1.7835
2015,STEPHENSON,IL,28209.314710938495
2015,TAZEWELL,IL,110537.12512250549
2015,UNION,IL,17342.974256855498
2015,VERMILION,IL,68691.9902926308
2015,WABASH,IL,6009.1117592274995
2015,WARREN,IL,6221.399052239499
2015,WASHINGTON,IL,5406.539674234
2015,WAYNE,IL,9614.222200844999
2015,WHITE,IL,8828.034647948998
2015,WHITESIDE,IL,21767.083571064
2015,WILL,IL,5585928.569759488
2015,WILLIAMSON,IL,148922.70087149538
2015,WINNEBAGO,IL,7320478.676222149
2015,WOODFORD,IL,27443.74347061
2016,ADAMS,IL,57573.5943217013
2016,ALEXANDER,IL,92.01310000000001
2016,BOND,IL,9763.343198235
2016,BOONE,IL,25887.688572214996
2016,BROWN,IL,2381.757583575
2016,BUREAU,IL,10139.119884094498
2016,CALHOUN,IL,1029.6882371
2016,CARROLL,IL,4413.615601626999
2016,CASS,IL,2953.126519093
2016,CHAMPAIGN,IL,166486.52971583648
2016,CHRISTIAN,IL,21461.5289299665
2016,CLARK,IL,12956.7149325
2016,CLAY,IL,3703.1385043704995
2016,CLINTON,IL,12550.054711725998
2016,COLES,IL,29746.011457793997
2016,COOK,IL,15969702948.04807
2016,CRAWFORD,IL,8264.664332584
2016,CUMBERLAND,IL,2075.2909820799996
2016,DEKALB,IL,42598.770681584996
2016,DEWITT,IL,9513.3884829515
2016,DOUGLAS,IL,8411.726938880998
2016,DUPAGE,IL,8726539.790264938
2016,EDGAR,IL,9147.43448174
2016,EDWARDS,IL,4377.293595580999
2016,EFFINGHAM,IL,28363.060360117997
2016,FAYETTE,IL,7586.549498064147
2016,FORD,IL,9785.579210749998
2016,FRANKLIN,IL,37960.868482269
2016,FULTON,IL,26059.629785511996
2016,GALLATIN,IL,1534.7648617159996
2016,GREENE,IL,10642.849938251498
2016,GRUNDY,IL,46982.098641123695
2016,HAMILTON,IL,2152.6426028389997
2016,HANCOCK,IL,4955.3002533399995
2016,HARDIN,IL,6869.686632701
2016,HENDERSON,IL,324.819298164
2016,HENRY,IL,19530.395031979995
2016,IROQUOIS,IL,14583.3184092045
2016,JACKSON,IL,72036.12639126649
2016,JASPER,IL,1558.468485013
2016,JEFFERSON,IL,28162.921788690997
2016,JERSEY,IL,17882.120124875997
2016,JO DAVIESS,IL,16153.568517245
2016,JOHNSON,IL,4570.22124023
2016,KANE,IL,421059782.0171881
2016,KANKAKEE,IL,84217.927419845
2016,KENDALL,IL,38795.072570118995
2016,KNOX,IL,28900.796782278496
2016,LA SALLE,IL,317811.07988050947
2016,LAKE,IL,71612209.13664985
2016,LAWRENCE,IL,8590.475583069
2016,LEE,IL,15748.159972903997
2016,LIVINGSTON,IL,19547.9303840605
2016,LOGAN,IL,17345.344020867997
2016,MACON,IL,1222773.6075040274
2016,MACOUPIN,IL,27620.767624751996
2016,MADISON,IL,229224.57906238947
2016,MARION,IL,27481.814946359646
2016,MARSHALL,IL,6747.683332169998
2016,MASON,IL,9815.865011066
2016,MASSAC,IL,13846.036154434
2016,MCDONOUGH,IL,13295.539685295498
2016,MCHENRY,IL,184961.2685141555
2016,MCLEAN,IL,78573.2762881094
2016,MENARD,IL,3170.176507621999
2016,MERCER,IL,3467.098770794999
2016,MONROE,IL,20870.589510421498
2016,MONTGOMERY,IL,19456.609602893997
2016,MORGAN,IL,26510.027791364297
2016,MOULTRIE,IL,4906.6912601409995
2016,OGLE,IL,20694.073524473995
2016,PEORIA,IL,266631.688385316
2016,PERRY,IL,19373.899077400998
2016,PIATT,IL,11448.1255004545
2016,PIKE,IL,7776.891455564998
2016,POPE,IL,880.0753267765
2016,PULASKI,IL,4361.3455796
2016,PUTNAM,IL,792.212133
2016,RANDOLPH,IL,22244.003356097997
2016,RICHLAND,IL,9102.2802374685
2016,ROCK ISLAND,IL,78657.42048853275
2016,SAINT CLAIR,IL,162691.4339205774
2016,SALINE,IL,41352.7581242857
2016,SANGAMON,IL,556107.6312640527
2016,SCHUYLER,IL,5087.903734107999
2016,SCOTT,IL,674.7678426999997
2016,SHELBY,IL,6438.569718392999
2016,STARK,IL,4.9281445
2016,STEPHENSON,IL,28138.708406964997
2016,TAZEWELL,IL,114803.67863747099
2016,UNION,IL,16225.511411708
2016,VERMILION,IL,62885.427285180594
2016,WABASH,IL,4854.426785455999
2016,WARREN,IL,6399.20400466
2016,WASHINGTON,IL,4937.6903551469995
2016,WAYNE,IL,8556.273757268998
2016,WHITE,IL,8336.939540141
2016,WHITESIDE,IL,21191.900820796996
2016,WILL,IL,5048980.206321834
2016,WILLIAMSON,IL,156222.77161503304
2016,WINNEBAGO,IL,9471171.445102042
2016,WOODFORD,IL,26522.974720421997
2017,ADAMS,IL,61366.797524727495
2017,BOND,IL,7796.819758686
2017,BOONE,IL,23522.4894455105
2017,BROWN,IL,3916.760496
2017,BUREAU,IL,10366.077428998498
2017,CALHOUN,IL,868.3071320999999
2017,CARROLL,IL,4370.960860837999
2017,CASS,IL,3130.551296236
2017,CHAMPAIGN,IL,183019.686101669
2017,CHRISTIAN,IL,19536.910236071
2017,CLARK,IL,12302.759503377
2017,CLAY,IL,3666.155199215
2017,CLINTON,IL,11382.296546752998
2017,COLES,IL,29415.426541587996
2017,COOK,IL,7078768791.576083
2017,CRAWFORD,IL,7598.788586148499
2017,CUMBERLAND,IL,1550.6331753999998
2017,DEKALB,IL,42416.7029632015
2017,DEWITT,IL,9171.336448241
2017,DOUGLAS,IL,7654.975822253999
2017,DUPAGE,IL,8191292.689383735
2017,EDGAR,IL,8034.795645744499
2017,EDWARDS,IL,4018.7003946069995
2017,EFFINGHAM,IL,30142.541031688495
2017,FAYETTE,IL,7887.040705117497
2017,FORD,IL,8519.963626879999
2017,FRANKLIN,IL,37774.754746718994
2017,FULTON,IL,25536.305014839996
2017,GALLATIN,IL,1620.5389722319997
2017,GREENE,IL,10671.658944506999
2017,GRUNDY,IL,44150.119435987
2017,HAMILTON,IL,2046.5186946669999
2017,HANCOCK,IL,4855.257386142999
2017,HARDIN,IL,7158.832896845
2017,HENDERSON,IL,2.070183123
2017,HENRY,IL,17325.698270668498
2017,IROQUOIS,IL,13174.793604666498
2017,JACKSON,IL,78427.71942022299
2017,JASPER,IL,1705.6329145749999
2017,JEFFERSON,IL,30354.270287875297
2017,JERSEY,IL,17197.618754919
2017,JO DAVIESS,IL,15211.343619379499
2017,JOHNSON,IL,4195.173590003
2017,KANE,IL,52621199.97846525
2017,KANKAKEE,IL,80383.2943795995
2017,KENDALL,IL,38631.34697016
2017,KNOX,IL,28568.757881768997
2017,LA SALLE,IL,308200.21307408076
2017,LAKE,IL,59442396.44708899
2017,LAWRENCE,IL,8073.247208094999
2017,LEE,IL,15853.010678982997
2017,LIVINGSTON,IL,17305.432420930847
2017,LOGAN,IL,17929.777398238
2017,MACON,IL,1529625.9879996525
2017,MACOUPIN,IL,32121.096752315996
2017,MADISON,IL,218147.74656794564
2017,MARION,IL,28934.796132918495
2017,MARSHALL,IL,5483.497250494998
2017,MASON,IL,11597.243699207998
2017,MASSAC,IL,13880.409498255
2017,MCDONOUGH,IL,14571.1954424365
2017,MCHENRY,IL,172736.15417038198
2017,MCLEAN,IL,76106.4690306033
2017,MENARD,IL,3852.803235424
2017,MERCER,IL,3058.917805648999
2017,MONROE,IL,20257.40735902
2017,MONTGOMERY,IL,17888.293679178496
2017,MORGAN,IL,24100.071342341496
2017,MOULTRIE,IL,4719.223318541
2017,OGLE,IL,20253.264408467996
2017,PEORIA,IL,262364.3538599215
2017,PERRY,IL,20200.86329649
2017,PIATT,IL,13328.023788719998
2017,PIKE,IL,6729.509946722998
2017,POPE,IL,725.4745454
2017,PULASKI,IL,4314.55157617
2017,PUTNAM,IL,784.64165797
2017,RANDOLPH,IL,20392.179630750998
2017,RICHLAND,IL,9041.086768576499
2017,ROCK ISLAND,IL,77076.98799550699
2017,SAINT CLAIR,IL,139818.02293568148
2017,SALINE,IL,38684.37960294179
2017,SANGAMON,IL,482354.456713625
2017,SCHUYLER,IL,6334.761893114
2017,SCOTT,IL,653.2012682999998
2017,SHELBY,IL,5912.192109219999
2017,STARK,IL,3.7620999999999998
2017,STEPHENSON,IL,28321.196084478597
2017,TAZEWELL,IL,112753.24206391149
2017,UNION,IL,22568.866585192998
2017,VERMILION,IL,61942.853412145996
2017,WABASH,IL,3705.3431220935
2017,WARREN,IL,6049.719237996999
2017,WASHINGTON,IL,4043.254143256999
2017,WAYNE,IL,7926.299549223999
2017,WHITE,IL,7619.288803758999
2017,WHITESIDE,IL,18721.948035216
2017,WILL,IL,4400365.360365644
2017,WILLIAMSON,IL,158462.9351652045
2017,WINNEBAGO,IL,12415114.541977687
2017,WOODFORD,IL,22786.379232888998
2018,ADAMS,IL,64412.56676828865
2018,BOND,IL,5516.327279247
2018,BOONE,IL,21070.702724862997
2018,BROWN,IL,2414.9945175999997
2018,BUREAU,IL,8140.164230613499
2018,CALHOUN,IL,862.0372095999999
2018,CARROLL,IL,3657.6639887749993
2018,CASS,IL,3415.6394035999992
2018,CHAMPAIGN,IL,168890.885038565
2018,CHRISTIAN,IL,17073.229616260498
2018,CLARK,IL,11601.381791262998
2018,CLAY,IL,2954.1633600799996
2018,CLINTON,IL,9278.967727969999
2018,COLES,IL,23319.258519609997
2018,COOK,IL,24083527.951202117
2018,CRAWFORD,IL,7332.691625795
2018,CUMBERLAND,IL,1413.587470361
2018,DEKALB,IL,41925.75955922449
2018,DEWITT,IL,7289.208755468499
2018,DOUGLAS,IL,6524.053948645999
2018,DUPAGE,IL,7932707.922612052
2018,EDGAR,IL,7578.929819200999
2018,EDWARDS,IL,3302.42688
2018,EFFINGHAM,IL,24797.829696324497
2018,FAYETTE,IL,6044.534690592999
2018,FORD,IL,7458.603655713998
2018,FRANKLIN,IL,38481.3488352585
2018,FULTON,IL,26919.830234612997
2018,GALLATIN,IL,1408.8596162809997
2018,GREENE,IL,8745.081483119498
2018,GRUNDY,IL,40887.795981596995
2018,HAMILTON,IL,2193.468845632
2018,HANCOCK,IL,4285.848222541
2018,HARDIN,IL,6677.693356549999
2018,HENDERSON,IL,1.7837220820000002
2018,HENRY,IL,13791.423191356997
2018,IROQUOIS,IL,10591.644802133
2018,JACKSON,IL,72883.29961881199
2018,JASPER,IL,1644.3934871029999
2018,JEFFERSON,IL,28017.763185824297
2018,JERSEY,IL,15105.754245503998
2018,JO DAVIESS,IL,12486.044807724
2018,JOHNSON,IL,5299.910087839
2018,KANE,IL,39358782.95202925
2018,KANKAKEE,IL,78328.154594682
2018,KENDALL,IL,35446.890114448
2018,KNOX,IL,25351.537069196995
2018,LA SALLE,IL,259444.975903614
2018,LAKE,IL,48060450.55296473
2018,LAWRENCE,IL,7416.14013118
2018,LEE,IL,15845.258203924997
2018,LIVINGSTON,IL,14395.249892011
2018,LOGAN,IL,17093.024249421997
2018,MACON,IL,1836493.4364718543
2018,MACOUPIN,IL,35095.7706556
2018,MADISON,IL,205487.836009228
2018,MARION,IL,25163.404198630797
2018,MARSHALL,IL,4233.653994697999
2018,MASON,IL,8798.5062023
2018,MASSAC,IL,14322.270562677799
2018,MCDONOUGH,IL,13156.991888979997
2018,MCHENRY,IL,162390.7099063845
2018,MCLEAN,IL,64950.38718922429
2018,MENARD,IL,2916.106103841
2018,MERCER,IL,3188.9357666149995
2018,MONROE,IL,16996.291593324997
2018,MONTGOMERY,IL,13867.281704011999
2018,MORGAN,IL,21343.818235931998
2018,MOULTRIE,IL,3983.516997356
2018,OGLE,IL,19137.327904599497
2018,PEORIA,IL,234823.95434923918
2018,PERRY,IL,23031.198997973
2018,PIATT,IL,9347.832018374
2018,PIKE,IL,5938.865303197
2018,POPE,IL,363.400380925
2018,PULASKI,IL,3121.7387989609997
2018,PUTNAM,IL,712.07379422
2018,RANDOLPH,IL,16320.000856334998
2018,RICHLAND,IL,7947.6732495
2018,ROCK ISLAND,IL,187480.26959461698
2018,SAINT CLAIR,IL,122736.404261658
2018,SALINE,IL,34122.802899441995
2018,SANGAMON,IL,393083.404541131
2018,SCHUYLER,IL,4765.5530449
2018,SCOTT,IL,507.66253359999973
2018,SHELBY,IL,4857.714552985999
2018,STARK,IL,1.1781
2018,STEPHENSON,IL,23728.957069828997
2018,TAZEWELL,IL,100138.47568534198
2018,UNION,IL,31036.477189158
2018,VERMILION,IL,60905.874380336
2018,WABASH,IL,2577.1603701505
2018,WARREN,IL,5792.144985575998
2018,WASHINGTON,IL,3491.116705930999
2018,WAYNE,IL,7897.600667915
2018,WHITE,IL,5932.5567646439995
2018,WHITESIDE,IL,16287.442292911997
2018,WILL,IL,3982781.563946352
2018,WILLIAMSON,IL,152562.1179862385
2018,WINNEBAGO,IL,3407895.1113650706
2018,WOODFORD,IL,23442.436916225997
2019,ADAMS,IL,69610.17297007874
2019,BOND,IL,4780.800492094
2019,BOONE,IL,18549.8201132995
2019,BROWN,IL,2824.1478120999996
2019,BUREAU,IL,7814.642890290498
2019,CALHOUN,IL,711.1822874999999
2019,CARROLL,IL,3145.4556302749993
2019,CASS,IL,3961.761334599999
2019,CHAMPAIGN,IL,139450.076063989
2019,CHRISTIAN,IL,14030.176655387497
2019,CLARK,IL,11822.88680203
2019,CLAY,IL,2478.122367723
2019,CLINTON,IL,8428.382428694998
2019,COLES,IL,20333.880319885997
2019,COOK,IL,22432695.497846697
2019,CRAWFORD,IL,7610.472849416
2019,CUMBERLAND,IL,1182.6893797999999
2019,DEKALB,IL,38533.27423450799
2019,DEWITT,IL,6079.219909591999
2019,DOUGLAS,IL,5713.838368950999
2019,DUPAGE,IL,7767503.710985727
2019,EDGAR,IL,7641.676406733999
2019,EDWARDS,IL,3009.8444401439997
2019,EFFINGHAM,IL,24492.300529513497
2019,FAYETTE,IL,4904.076083067499
2019,FORD,IL,7649.520205464499
2019,FRANKLIN,IL,41434.534316102
2019,FULTON,IL,26422.574591754998
2019,GALLATIN,IL,1768.331729
2019,GREENE,IL,8421.428999353499
2019,GRUNDY,IL,36879.979472536994
2019,HAMILTON,IL,1653.273346249
2019,HANCOCK,IL,4391.089226263
2019,HARDIN,IL,5702.677070793
2019,HENDERSON,IL,0.6054
2019,HENRY,IL,12346.614707670997
2019,IROQUOIS,IL,8680.503129515999
2019,JACKSON,IL,73732.07511234649
2019,JASPER,IL,1500.8421206229998
2019,JEFFERSON,IL,25060.759774889797
2019,JERSEY,IL,14277.733721210998
2019,JO DAVIESS,IL,13633.996700761
2019,JOHNSON,IL,4965.248917766
2019,KANE,IL,42449635.811623216
2019,KANKAKEE,IL,77077.69815615499
2019,KENDALL,IL,34458.79593450199
2019,KNOX,IL,24245.460830140495
2019,LA SALLE,IL,201142.55281234
2019,LAKE,IL,816087.9305600909
2019,LAWRENCE,IL,5881.762901399
2019,LEE,IL,13634.030789031998
2019,LIVINGSTON,IL,13175.283449022998
2019,LOGAN,IL,14145.389973172998
2019,MACON,IL,1449282.556531194
2019,MACOUPIN,IL,32831.841142043
2019,MADISON,IL,201695.779164188
2019,MARION,IL,24447.6548743338
2019,MARSHALL,IL,4083.2243942749997
2019,MASON,IL,7524.131005605
2019,MASSAC,IL,14644.761187069998
2019,MCDONOUGH,IL,11246.232230238998
2019,MCHENRY,IL,157289.779643819
2019,MCLEAN,IL,72471.32295801879
2019,MENARD,IL,3121.7943163339996
2019,MERCER,IL,2448.684705959999
2019,MONROE,IL,16103.732654301499
2019,MONTGOMERY,IL,13317.402170055999
2019,MORGAN,IL,19102.347126330496
2019,MOULTRIE,IL,3264.3942346909994
2019,OGLE,IL,20019.277891416998
2019,PEORIA,IL,216584.91896966798
2019,PERRY,IL,23562.562075340997
2019,PIATT,IL,8926.007788481998
2019,PIKE,IL,6477.50695309
2019,POPE,IL,674.1475138
2019,PULASKI,IL,2675.969132582
2019,PUTNAM,IL,912.3300464999999
2019,RANDOLPH,IL,12444.273975176999
2019,RICHLAND,IL,7643.7911462679995
2019,ROCK ISLAND,IL,60210.60671353999
2019,SAINT CLAIR,IL,110206.9802033295
2019,SALINE,IL,32575.178347333498
2019,SANGAMON,IL,231428.17421517297
2019,SCHUYLER,IL,4973.580832339999
2019,SCOTT,IL,449.52769019999965
2019,SHELBY,IL,5038.467202944499
2019,STARK,IL,0.5399999999999999
2019,STEPHENSON,IL,21983.810593316495
2019,TAZEWELL,IL,103992.423586365
2019,UNION,IL,34448.244222821995
2019,VERMILION,IL,59123.566176882996
2019,WABASH,IL,3487.7524945
2019,WARREN,IL,5801.858781506998
2019,WASHINGTON,IL,3518.1617781699993
2019,WAYNE,IL,6904.275305314999
2019,WHITE,IL,5365.700158094999
2019,WHITESIDE,IL,15009.154611830996
2019,WILL,IL,3872028.6178472987
2019,WILLIAMSON,IL,167063.2304283795
2019,WINNEBAGO,IL,2509491.6278182776
2019,WOODFORD,IL,17844.366286572
